<?xml version="1.0" encoding="UTF-8"?>
<metadata xml:lang="ko"><Esri><CreaDate>20200812</CreaDate><CreaTime>11423800</CreaTime><ArcGISFormat>1.0</ArcGISFormat><SyncOnce>FALSE</SyncOnce><DataProperties><itemProps><itemName Sync="TRUE">GMH3_200_2013_5186_S</itemName><imsContentType Sync="TRUE">002</imsContentType><itemSize Sync="TRUE">0.000</itemSize><itemLocation><linkage Sync="TRUE">file://\\DESKTOP-N6TVLGR\C$\Workfolder_PHJ\부산시\홍수지도\침수bnd_200908\02.bnd\GMH3_200_2013_5186_S.shp</linkage><protocol Sync="TRUE">Local Area Network</protocol></itemLocation></itemProps><coordRef><type Sync="TRUE">Projected</type><geogcsn Sync="TRUE">GCS_Korea_2000</geogcsn><csUnits Sync="TRUE">Linear Unit: Meter (1.000000)</csUnits><projcsn Sync="TRUE">Korea_2000_Korea_Central_Belt_2010</projcsn><peXml Sync="TRUE">&lt;ProjectedCoordinateSystem xsi:type='typens:ProjectedCoordinateSystem' xmlns:xsi='http://www.w3.org/2001/XMLSchema-instance' xmlns:xs='http://www.w3.org/2001/XMLSchema' xmlns:typens='http://www.esri.com/schemas/ArcGIS/10.3'&gt;&lt;WKT&gt;PROJCS[&amp;quot;Korea_2000_Korea_Central_Belt_2010&amp;quot;,GEOGCS[&amp;quot;GCS_Korea_2000&amp;quot;,DATUM[&amp;quot;D_Korea_2000&amp;quot;,SPHEROID[&amp;quot;GRS_1980&amp;quot;,6378137.0,298.257222101]],PRIMEM[&amp;quot;Greenwich&amp;quot;,0.0],UNIT[&amp;quot;Degree&amp;quot;,0.0174532925199433]],PROJECTION[&amp;quot;Transverse_Mercator&amp;quot;],PARAMETER[&amp;quot;False_Easting&amp;quot;,200000.0],PARAMETER[&amp;quot;False_Northing&amp;quot;,600000.0],PARAMETER[&amp;quot;Central_Meridian&amp;quot;,127.0],PARAMETER[&amp;quot;Scale_Factor&amp;quot;,1.0],PARAMETER[&amp;quot;Latitude_Of_Origin&amp;quot;,38.0],UNIT[&amp;quot;Meter&amp;quot;,1.0],AUTHORITY[&amp;quot;EPSG&amp;quot;,5186]]&lt;/WKT&gt;&lt;XOrigin&gt;-5423200&lt;/XOrigin&gt;&lt;YOrigin&gt;-13609600&lt;/YOrigin&gt;&lt;XYScale&gt;450265407.00157917&lt;/XYScale&gt;&lt;ZOrigin&gt;-100000&lt;/ZOrigin&gt;&lt;ZScale&gt;10000&lt;/ZScale&gt;&lt;MOrigin&gt;-100000&lt;/MOrigin&gt;&lt;MScale&gt;10000&lt;/MScale&gt;&lt;XYTolerance&gt;0.001&lt;/XYTolerance&gt;&lt;ZTolerance&gt;0.001&lt;/ZTolerance&gt;&lt;MTolerance&gt;0.001&lt;/MTolerance&gt;&lt;HighPrecision&gt;true&lt;/HighPrecision&gt;&lt;WKID&gt;102082&lt;/WKID&gt;&lt;LatestWKID&gt;5186&lt;/LatestWKID&gt;&lt;/ProjectedCoordinateSystem&gt;</peXml></coordRef><lineage><Process ToolSource="c:\program files (x86)\arcgis\desktop10.1\ArcToolbox\Toolboxes\Analysis Tools.tbx\SpatialJoin" Date="20131111" Time="223004">SpatialJoin NGI_BUF_38 NGI_POINT D:\01_CS\03_NGI\05_NEAT\NGI_AREA_BUF_38.shp JOIN_ONE_TO_ONE KEEP_ALL "Id "Id" true true false 6 Long 0 6 ,First,#,D:\01_CS\03_NGI\05_NEAT\NGI_BUF_38.shp,Id,-1,-1;ID_1 "ID_1" true true false 10 Double 0 10 ,First,#,D:\01_CS\03_NGI\05_NEAT\NGI_POINT.shp,ID,-1,-1;CODE "CODE" true true false 30 Text 0 0 ,First,#,D:\01_CS\03_NGI\05_NEAT\NGI_POINT.shp,CODE,-1,-1;고시번호 "고시번호" true true false 10 Text 0 0 ,First,#,D:\01_CS\03_NGI\05_NEAT\NGI_POINT.shp,고시번호,-1,-1;제작연도 "제작연도" true true false 8 Long 0 8 ,First,#,D:\01_CS\03_NGI\05_NEAT\NGI_POINT.shp,제작연도,-1,-1;조사연도 "조사연도" true true false 7 Long 0 7 ,First,#,D:\01_CS\03_NGI\05_NEAT\NGI_POINT.shp,조사연도,-1,-1;도엽명 "도엽명" true true false 7 Text 0 0 ,First,#,D:\01_CS\03_NGI\05_NEAT\NGI_POINT.shp,도엽명,-1,-1;해침 "해침" true true false 16 Double 0 16 ,First,#,D:\01_CS\03_NGI\05_NEAT\NGI_POINT.shp,해침,-1,-1;촬영연도 "촬영연도" true true false 7 Long 0 7 ,First,#,D:\01_CS\03_NGI\05_NEAT\NGI_POINT.shp,촬영연도,-1,-1;비고 "비고" true true false 7 Text 0 0 ,First,#,D:\01_CS\03_NGI\05_NEAT\NGI_POINT.shp,비고,-1,-1;고시일자 "고시일자" true true false 8 Long 0 8 ,First,#,D:\01_CS\03_NGI\05_NEAT\NGI_POINT.shp,고시일자,-1,-1;보유여부 "보유여부" true true false 10 Text 0 0 ,First,#,D:\01_CS\03_NGI\05_NEAT\NGI_POINT.shp,보유여부,-1,-1;제_작구_분 "제_작구_분" true true false 8 Text 0 0 ,First,#,D:\01_CS\03_NGI\05_NEAT\NGI_POINT.shp,제_작구_분,-1,-1;_1 "_1" true true false 9 Text 0 0 ,First,#,D:\01_CS\03_NGI\05_NEAT\NGI_POINT.shp,_1,-1,-1;비_고 "비_고" true true false 4 Short 0 4 ,First,#,D:\01_CS\03_NGI\05_NEAT\NGI_POINT.shp,비_고,-1,-1;ORIG_FID "ORIG_FID" true true false 9 Long 0 9 ,First,#,D:\01_CS\03_NGI\05_NEAT\NGI_POINT.shp,ORIG_FID,-1,-1" INTERSECT # #</Process><Process ToolSource="D:\workgis\toolbox_script\IHN.tbx\FeatureToPolygon" Date="20131114" Time="113124">FeatureToPolygon C_358163;358163;GMH3 D:\01_CS\04_BOND\1113\GMH3_EDIT.shp # ATTRIBUTES #</Process><Process ToolSource="D:\workgis\toolbox_script\IHN.tbx\DeleteField" Date="20131114" Time="114812">DeleteField GMH3_EDIT Join_Count;TARGET_FID;Id;ID_1;CODE;고시번호;제작연도;조사연도;도엽명;해침;촬영연도;비고;고시일자;보유여부;제_작구_분;_1;비_고;ORIG_FID;FID_GMH3;SHAPE_1;MATID;MATNAME;ID_12;ELEV_MIN;ELEV_AVG;ELEV_MAX</Process><Process ToolSource="D:\workgis\toolbox_script\IHN.tbx\FeatureToPolygon" Date="20131117" Time="133650">FeatureToPolygon LNDELV_NEAT;GMH3 D:\01_CS\04_BOND\04_WORK_ELE\GMH3_ELE.shp # ATTRIBUTES #</Process><Process ToolSource="D:\workgis\toolbox_script\IHN.tbx\Clip" Date="20131117" Time="133708">Clip GMH3_ELE GMH3 D:\01_CS\04_BOND\04_WORK_ELE\GMH3_ELE_C.shp #</Process><Process Name="Feature To Polygon" ToolSource="D:\workgis\toolbox_script\IHN.tbx\FeatureToPolygon" Date="20131203" Time="211614">FeatureToPolygon E:\00_CS\05_TIN\GMH3\04_CLIP\CLIP_S_GMH3_200.shp;D:\01_CS\04_BOND\00_CLIP_ELE\GMH3.shp E:\00_CS\05_TIN\GMH3\03_POLYGON\A1_S_GMH3_200.shp # ATTRIBUTES #</Process><Process Name="ELE_Add" ToolSource="c:\program files (x86)\arcgis\desktop10.1\ArcToolbox\Toolboxes\Data Management Tools.tbx\AddField" Date="20131203" Time="211614">AddField E:\00_CS\05_TIN\GMH3\03_POLYGON\A1_S_GMH3_200.shp ELE TEXT # # 20 # NULLABLE NON_REQUIRED #</Process><Process Name="TYPE_Add" ToolSource="c:\program files (x86)\arcgis\desktop10.1\ArcToolbox\Toolboxes\Data Management Tools.tbx\AddField" Date="20131203" Time="211614">AddField E:\00_CS\05_TIN\GMH3\03_POLYGON\A1_S_GMH3_200.shp TYPE TEXT # # 20 # NULLABLE NON_REQUIRED #</Process><Process Name="Clip (2)" ToolSource="c:\program files (x86)\arcgis\desktop10.1\ArcToolbox\Toolboxes\Analysis Tools.tbx\Clip" Date="20131203" Time="211623">Clip E:\00_CS\05_TIN\GMH3\03_POLYGON\A1_S_GMH3_200.shp D:\01_CS\04_BOND\00_CLIP_ELE\GMH3.shp E:\00_CS\05_TIN\GMH3\04_CLIP\A_S_GMH3_200.shp #</Process><Process Name="Clip" ToolSource="D:\workgis\toolbox_script\IHN.tbx\Clip" Date="20131212" Time="201435">Clip E:\00_CS\05_TIN\GMH3\OLD\GMH3_200_FRQ.shp D:\01_CS\04_BOND\00_CLIP_ELE_CELL\358163_C_N.shp E:\00_CS\05_TIN\GMH3\07_FINISH\GMH3_200_FRQ.shp #</Process><Process ToolSource="c:\program files (x86)\arcgis\desktop10.1\ArcToolbox\Toolboxes\Analysis Tools.tbx\Clip" Date="20140515" Time="133647">Clip GMH3_200_FRQ 358163 G:\GMH3\SHP\GMH3_200_FRQ.shp #</Process><Process ToolSource="c:\program files (x86)\arcgis\desktop10.1\ArcToolbox\Toolboxes\Data Management Tools.tbx\AddField" Date="20140515" Time="135250">AddField G:\GMH3\SHP\GMH3_200_FRQ.shp LAYER TEXT 20 # # # NULLABLE NON_REQUIRED #</Process><Process ToolSource="c:\program files (x86)\arcgis\desktop10.1\ArcToolbox\Toolboxes\Data Management Tools.tbx\AddField" Date="20140515" Time="135250">AddField G:\GMH3\SHP\GMH3_200_FRQ.shp ELEVATION TEXT 20 # # # NULLABLE NON_REQUIRED #</Process><Process ToolSource="c:\program files (x86)\arcgis\desktop10.1\ArcToolbox\Toolboxes\Data Management Tools.tbx\DeleteField" Date="20140515" Time="135250">DeleteField G:\GMH3\SHP\GMH3_200_FRQ.shp FID_DAB3_D;AREA;ELE;TYPE</Process></lineage></DataProperties><SyncDate>20200908</SyncDate><SyncTime>10214900</SyncTime><ModDate>20200908</ModDate><ModTime>10214900</ModTime></Esri><dataIdInfo><envirDesc Sync="TRUE"> Version 6.2 (Build 9200) ; Esri ArcGIS 10.3.1.4959</envirDesc><dataLang><languageCode value="kor" Sync="TRUE"></languageCode><countryCode value="KOR" Sync="TRUE"></countryCode></dataLang><idCitation><resTitle Sync="TRUE">GMH3_200_2013_5186_S</resTitle><presForm><PresFormCd value="005" Sync="TRUE"></PresFormCd></presForm></idCitation><spatRpType><SpatRepTypCd value="001" Sync="TRUE"></SpatRepTypCd></spatRpType></dataIdInfo><mdLang><languageCode value="kor" Sync="TRUE"></languageCode><countryCode value="KOR" Sync="TRUE"></countryCode></mdLang><mdChar><CharSetCd value="004" Sync="TRUE"></CharSetCd></mdChar><distInfo><distFormat><formatName Sync="TRUE">Shapefile</formatName></distFormat><distTranOps><transSize Sync="TRUE">0.000</transSize></distTranOps></distInfo><mdHrLv><ScopeCd value="005" Sync="TRUE"></ScopeCd></mdHrLv><mdHrLvName Sync="TRUE">dataset</mdHrLvName><refSysInfo><RefSystem><refSysID><identCode code="5186" Sync="TRUE" value="0"></identCode><idCodeSpace Sync="TRUE">EPSG</idCodeSpace><idVersion Sync="TRUE">8.6.2</idVersion></refSysID></RefSystem></refSysInfo><spatRepInfo><VectSpatRep><geometObjs Name="GMH3_200_2013_5186_S"><geoObjTyp><GeoObjTypCd value="002" Sync="TRUE"></GeoObjTypCd></geoObjTyp><geoObjCnt Sync="TRUE">0</geoObjCnt></geometObjs><topLvl><TopoLevCd value="001" Sync="TRUE"></TopoLevCd></topLvl></VectSpatRep></spatRepInfo><spdoinfo><ptvctinf><esriterm Name="GMH3_200_2013_5186_S"><efeatyp Sync="TRUE">Simple</efeatyp><efeageom code="4" Sync="TRUE"></efeageom><esritopo Sync="TRUE">FALSE</esritopo><efeacnt Sync="TRUE">0</efeacnt><spindex Sync="TRUE">FALSE</spindex><linrefer Sync="TRUE">TRUE</linrefer></esriterm></ptvctinf></spdoinfo><eainfo><detailed Name="GMH3_200_2013_5186_S"><enttyp><enttypl Sync="TRUE">GMH3_200_2013_5186_S</enttypl><enttypt Sync="TRUE">Feature Class</enttypt><enttypc Sync="TRUE">0</enttypc></enttyp><attr><attrlabl Sync="TRUE">FID</attrlabl><attalias Sync="TRUE">FID</attalias><attrtype Sync="TRUE">OID</attrtype><attwidth Sync="TRUE">4</attwidth><atprecis Sync="TRUE">0</atprecis><attscale Sync="TRUE">0</attscale><attrdef Sync="TRUE">Internal feature number.</attrdef><attrdefs Sync="TRUE">Esri</attrdefs><attrdomv><udom Sync="TRUE">Sequential unique whole numbers that are automatically generated.</udom></attrdomv></attr><attr><attrlabl Sync="TRUE">Shape</attrlabl><attalias Sync="TRUE">Shape</attalias><attrtype Sync="TRUE">Geometry</attrtype><attwidth Sync="TRUE">0</attwidth><atprecis Sync="TRUE">0</atprecis><attscale Sync="TRUE">0</attscale><attrdef Sync="TRUE">Feature geometry.</attrdef><attrdefs Sync="TRUE">Esri</attrdefs><attrdomv><udom Sync="TRUE">Coordinates defining the features.</udom></attrdomv></attr><attr><attrlabl Sync="TRUE">색상</attrlabl><attalias Sync="TRUE">색상</attalias><attrtype Sync="TRUE">String</attrtype><attwidth Sync="TRUE">254</attwidth><atprecis Sync="TRUE">0</atprecis><attscale Sync="TRUE">0</attscale></attr><attr><attrlabl Sync="TRUE">고도</attrlabl><attalias Sync="TRUE">고도</attalias><attrtype Sync="TRUE">Double</attrtype><attwidth Sync="TRUE">19</attwidth><atprecis Sync="TRUE">18</atprecis><attscale Sync="TRUE">15</attscale></attr><attr><attrlabl Sync="TRUE">ORIG_FID</attrlabl><attalias Sync="TRUE">ORIG_FID</attalias><attrtype Sync="TRUE">Integer</attrtype><attwidth Sync="TRUE">10</attwidth><atprecis Sync="TRUE">10</atprecis><attscale Sync="TRUE">0</attscale></attr></detailed></eainfo><mdDateSt Sync="TRUE">20200908</mdDateSt></metadata>
