<?xml version="1.0" encoding="UTF-8"?>
<metadata xml:lang="ko"><Esri><CreaDate>20200812</CreaDate><CreaTime>11354100</CreaTime><ArcGISFormat>1.0</ArcGISFormat><SyncOnce>FALSE</SyncOnce><DataProperties><lineage><Process ToolSource="c:\program files (x86)\arcgis\desktop10.1\ArcToolbox\Toolboxes\Data Management Tools.tbx\CalculateField" Date="20171023" Time="153039">CalculateField 200년_05 BIZ_YEAR 2017 VB #</Process><Process ToolSource="c:\program files (x86)\arcgis\desktop10.1\ArcToolbox\Toolboxes\Data Management Tools.tbx\CalculateField" Date="20171023" Time="153054">CalculateField 200년_05 IDX25_NM "좌천" VB #</Process><Process ToolSource="c:\program files (x86)\arcgis\desktop10.1\ArcToolbox\Toolboxes\Data Management Tools.tbx\CalculateField" Date="20171026" Time="163510">CalculateField 200년\200년_05 SGG_CD "부산" VB #</Process><Process ToolSource="c:\program files (x86)\arcgis\desktop10.1\ArcToolbox\Toolboxes\Data Management Tools.tbx\CalculateField" Date="20171026" Time="163522">CalculateField 200년\200년_05 IDX25_CD "YSA4" VB #</Process><Process ToolSource="c:\program files (x86)\arcgis\desktop10.1\ArcToolbox\Toolboxes\Data Management Tools.tbx\Merge" Date="20171218" Time="175911">Merge YAS4_200_05;YAS4_200_05_10;YAS4_200_10_15;YAS4_200_15_20;YAS4_200_20_25;YAS4_200_25_30 D:\PROJECT\해안침수_17\3_침수도제작\침수도_산출물_171219\좌천\FRQ\25000\SHP\YAS4_200_2017.shp "BIZ_YEAR "BIZ_YEAR" true true false 254 Text 0 0 ,First,#,YAS4_200_05,BIZ_YEAR,-1,-1,YAS4_200_05_10,BIZ_YEAR,-1,-1,YAS4_200_10_15,BIZ_YEAR,-1,-1,YAS4_200_15_20,BIZ_YEAR,-1,-1,YAS4_200_20_25,BIZ_YEAR,-1,-1,YAS4_200_25_30,BIZ_YEAR,-1,-1;SGG_CD "SGG_CD" true true false 254 Text 0 0 ,First,#,YAS4_200_05,SGG_CD,-1,-1,YAS4_200_05_10,SGG_CD,-1,-1,YAS4_200_10_15,SGG_CD,-1,-1,YAS4_200_15_20,SGG_CD,-1,-1,YAS4_200_20_25,SGG_CD,-1,-1,YAS4_200_25_30,SGG_CD,-1,-1;IDX25_NM "IDX25_NM" true true false 254 Text 0 0 ,First,#,YAS4_200_05,IDX25_NM,-1,-1,YAS4_200_05_10,IDX25_NM,-1,-1,YAS4_200_10_15,IDX25_NM,-1,-1,YAS4_200_15_20,IDX25_NM,-1,-1,YAS4_200_20_25,IDX25_NM,-1,-1,YAS4_200_25_30,IDX25_NM,-1,-1;IDX25_CD "IDX25_CD" true true false 254 Text 0 0 ,First,#,YAS4_200_05,IDX25_CD,-1,-1,YAS4_200_05_10,IDX25_CD,-1,-1,YAS4_200_10_15,IDX25_CD,-1,-1,YAS4_200_15_20,IDX25_CD,-1,-1,YAS4_200_20_25,IDX25_CD,-1,-1,YAS4_200_25_30,IDX25_CD,-1,-1;Z_VALUE "Z_VALUE" true true false 254 Text 0 0 ,First,#,YAS4_200_05,Z_VALUE,-1,-1,YAS4_200_05_10,Z_VALUE,-1,-1,YAS4_200_10_15,Z_VALUE,-1,-1,YAS4_200_15_20,Z_VALUE,-1,-1,YAS4_200_20_25,Z_VALUE,-1,-1,YAS4_200_25_30,Z_VALUE,-1,-1"</Process></lineage><itemProps><itemName Sync="TRUE">YAS4_200_2017_5186_S</itemName><imsContentType Sync="TRUE">002</imsContentType><itemSize Sync="TRUE">0.000</itemSize><itemLocation><linkage Sync="TRUE">file://\\DESKTOP-N6TVLGR\C$\Workfolder_PHJ\부산시\홍수지도\침수bnd_200908\02.bnd\YAS4_200_2017_5186_S.shp</linkage><protocol Sync="TRUE">Local Area Network</protocol></itemLocation></itemProps><coordRef><type Sync="TRUE">Projected</type><geogcsn Sync="TRUE">GCS_Korea_2000</geogcsn><csUnits Sync="TRUE">Linear Unit: Meter (1.000000)</csUnits><projcsn Sync="TRUE">Korea_2000_Korea_Central_Belt_2010</projcsn><peXml Sync="TRUE">&lt;ProjectedCoordinateSystem xsi:type='typens:ProjectedCoordinateSystem' xmlns:xsi='http://www.w3.org/2001/XMLSchema-instance' xmlns:xs='http://www.w3.org/2001/XMLSchema' xmlns:typens='http://www.esri.com/schemas/ArcGIS/10.3'&gt;&lt;WKT&gt;PROJCS[&amp;quot;Korea_2000_Korea_Central_Belt_2010&amp;quot;,GEOGCS[&amp;quot;GCS_Korea_2000&amp;quot;,DATUM[&amp;quot;D_Korea_2000&amp;quot;,SPHEROID[&amp;quot;GRS_1980&amp;quot;,6378137.0,298.257222101]],PRIMEM[&amp;quot;Greenwich&amp;quot;,0.0],UNIT[&amp;quot;Degree&amp;quot;,0.0174532925199433]],PROJECTION[&amp;quot;Transverse_Mercator&amp;quot;],PARAMETER[&amp;quot;False_Easting&amp;quot;,200000.0],PARAMETER[&amp;quot;False_Northing&amp;quot;,600000.0],PARAMETER[&amp;quot;Central_Meridian&amp;quot;,127.0],PARAMETER[&amp;quot;Scale_Factor&amp;quot;,1.0],PARAMETER[&amp;quot;Latitude_Of_Origin&amp;quot;,38.0],UNIT[&amp;quot;Meter&amp;quot;,1.0],AUTHORITY[&amp;quot;EPSG&amp;quot;,5186]]&lt;/WKT&gt;&lt;XOrigin&gt;-5423200&lt;/XOrigin&gt;&lt;YOrigin&gt;-13609600&lt;/YOrigin&gt;&lt;XYScale&gt;450265407.00157917&lt;/XYScale&gt;&lt;ZOrigin&gt;-100000&lt;/ZOrigin&gt;&lt;ZScale&gt;10000&lt;/ZScale&gt;&lt;MOrigin&gt;-100000&lt;/MOrigin&gt;&lt;MScale&gt;10000&lt;/MScale&gt;&lt;XYTolerance&gt;0.001&lt;/XYTolerance&gt;&lt;ZTolerance&gt;0.001&lt;/ZTolerance&gt;&lt;MTolerance&gt;0.001&lt;/MTolerance&gt;&lt;HighPrecision&gt;true&lt;/HighPrecision&gt;&lt;WKID&gt;102082&lt;/WKID&gt;&lt;LatestWKID&gt;5186&lt;/LatestWKID&gt;&lt;/ProjectedCoordinateSystem&gt;</peXml></coordRef></DataProperties><SyncDate>20200908</SyncDate><SyncTime>10240200</SyncTime><ModDate>20200908</ModDate><ModTime>10240200</ModTime></Esri><dataIdInfo><envirDesc Sync="TRUE"> Version 6.2 (Build 9200) ; Esri ArcGIS 10.3.1.4959</envirDesc><dataLang><languageCode value="kor" Sync="TRUE"></languageCode><countryCode value="KOR" Sync="TRUE"></countryCode></dataLang><idCitation><resTitle Sync="TRUE">YAS4_200_2017_5186_S</resTitle><presForm><PresFormCd value="005" Sync="TRUE"></PresFormCd></presForm></idCitation><spatRpType><SpatRepTypCd value="001" Sync="TRUE"></SpatRepTypCd></spatRpType></dataIdInfo><mdLang><languageCode value="kor" Sync="TRUE"></languageCode><countryCode value="KOR" Sync="TRUE"></countryCode></mdLang><mdChar><CharSetCd value="004" Sync="TRUE"></CharSetCd></mdChar><distInfo><distFormat><formatName Sync="TRUE">Shapefile</formatName></distFormat><distTranOps><transSize Sync="TRUE">0.000</transSize></distTranOps></distInfo><mdHrLv><ScopeCd value="005" Sync="TRUE"></ScopeCd></mdHrLv><mdHrLvName Sync="TRUE">dataset</mdHrLvName><spatRepInfo><VectSpatRep><geometObjs Name="YAS4_200_2017_5186_S"><geoObjTyp><GeoObjTypCd value="002" Sync="TRUE"></GeoObjTypCd></geoObjTyp><geoObjCnt Sync="TRUE">0</geoObjCnt></geometObjs><topLvl><TopoLevCd value="001" Sync="TRUE"></TopoLevCd></topLvl></VectSpatRep></spatRepInfo><spdoinfo><ptvctinf><esriterm Name="YAS4_200_2017_5186_S"><efeatyp Sync="TRUE">Simple</efeatyp><efeageom code="4" Sync="TRUE"></efeageom><esritopo Sync="TRUE">FALSE</esritopo><efeacnt Sync="TRUE">0</efeacnt><spindex Sync="TRUE">FALSE</spindex><linrefer Sync="TRUE">FALSE</linrefer></esriterm></ptvctinf></spdoinfo><eainfo><detailed Name="YAS4_200_2017_5186_S"><enttyp><enttypl Sync="TRUE">YAS4_200_2017_5186_S</enttypl><enttypt Sync="TRUE">Feature Class</enttypt><enttypc Sync="TRUE">0</enttypc></enttyp><attr><attrlabl Sync="TRUE">FID</attrlabl><attalias Sync="TRUE">FID</attalias><attrtype Sync="TRUE">OID</attrtype><attwidth Sync="TRUE">4</attwidth><atprecis Sync="TRUE">0</atprecis><attscale Sync="TRUE">0</attscale><attrdef Sync="TRUE">Internal feature number.</attrdef><attrdefs Sync="TRUE">Esri</attrdefs><attrdomv><udom Sync="TRUE">Sequential unique whole numbers that are automatically generated.</udom></attrdomv></attr><attr><attrlabl Sync="TRUE">Shape</attrlabl><attalias Sync="TRUE">Shape</attalias><attrtype Sync="TRUE">Geometry</attrtype><attwidth Sync="TRUE">0</attwidth><atprecis Sync="TRUE">0</atprecis><attscale Sync="TRUE">0</attscale><attrdef Sync="TRUE">Feature geometry.</attrdef><attrdefs Sync="TRUE">Esri</attrdefs><attrdomv><udom Sync="TRUE">Coordinates defining the features.</udom></attrdomv></attr><attr><attrlabl Sync="TRUE">BIZ_YEAR</attrlabl><attalias Sync="TRUE">BIZ_YEAR</attalias><attrtype Sync="TRUE">String</attrtype><attwidth Sync="TRUE">254</attwidth><atprecis Sync="TRUE">0</atprecis><attscale Sync="TRUE">0</attscale></attr><attr><attrlabl Sync="TRUE">SGG_CD</attrlabl><attalias Sync="TRUE">SGG_CD</attalias><attrtype Sync="TRUE">String</attrtype><attwidth Sync="TRUE">254</attwidth><atprecis Sync="TRUE">0</atprecis><attscale Sync="TRUE">0</attscale></attr><attr><attrlabl Sync="TRUE">IDX25_NM</attrlabl><attalias Sync="TRUE">IDX25_NM</attalias><attrtype Sync="TRUE">String</attrtype><attwidth Sync="TRUE">254</attwidth><atprecis Sync="TRUE">0</atprecis><attscale Sync="TRUE">0</attscale></attr><attr><attrlabl Sync="TRUE">IDX25_CD</attrlabl><attalias Sync="TRUE">IDX25_CD</attalias><attrtype Sync="TRUE">String</attrtype><attwidth Sync="TRUE">254</attwidth><atprecis Sync="TRUE">0</atprecis><attscale Sync="TRUE">0</attscale></attr><attr><attrlabl Sync="TRUE">Z_VALUE</attrlabl><attalias Sync="TRUE">Z_VALUE</attalias><attrtype Sync="TRUE">String</attrtype><attwidth Sync="TRUE">254</attwidth><atprecis Sync="TRUE">0</atprecis><attscale Sync="TRUE">0</attscale></attr><attr><attrlabl Sync="TRUE">ORIG_FID</attrlabl><attalias Sync="TRUE">ORIG_FID</attalias><attrtype Sync="TRUE">Integer</attrtype><attwidth Sync="TRUE">10</attwidth><atprecis Sync="TRUE">10</atprecis><attscale Sync="TRUE">0</attscale></attr></detailed></eainfo><mdDateSt Sync="TRUE">20200908</mdDateSt><refSysInfo><RefSystem><refSysID><identCode code="5186" Sync="TRUE"></identCode><idCodeSpace Sync="TRUE">EPSG</idCodeSpace><idVersion Sync="TRUE">8.6.2</idVersion></refSysID></RefSystem></refSysInfo></metadata>
