<?xml version="1.0"?>
<!--<!DOCTYPE metadata SYSTEM "http://www.esri.com/metadata/esriprof80.dtd">-->
<metadata xml:lang="ko"><Esri><CreaDate>20210412</CreaDate><CreaTime>16164900</CreaTime><SyncOnce>FALSE</SyncOnce><DataProperties><lineage><Process ToolSource="C:\Program Files (x86)\ArcGIS\ArcToolbox\Toolboxes\Data Management Tools.tbx\DeleteField" Date="20210412" Time="161227">DeleteField 침수흔적도 FID_;Entity;Handle;LyrFrzn;LyrLock;LyrOn;LyrVPFrzn;LyrHandle;Color;EntColor;LyrColor;BlkColor;Linetype;EntLinetyp;LyrLnType;BlkLinetyp;Elevation;Thickness;LineWt;EntLineWt;LyrLineWt;BlkLineWt;RefName;LTScale;ExtX;ExtY;ExtZ;DocName;DocPath;DocType;DocVer 침수흔적도</Process><Process ToolSource="C:\Program Files (x86)\ArcGIS\ArcToolbox\Toolboxes\Data Management Tools.tbx\AddField" Date="20210412" Time="161301">AddField 침수흔적도 INV_YR TEXT # # # # NON_NULLABLE NON_REQUIRED # 침수흔적도</Process><Process ToolSource="C:\Program Files (x86)\ArcGIS\ArcToolbox\Toolboxes\Data Management Tools.tbx\DeleteField" Date="20210412" Time="161352">DeleteField 침수흔적도 Layer 침수흔적도</Process><Process ToolSource="C:\Program Files (x86)\ArcGIS\ArcToolbox\Toolboxes\Data Management Tools.tbx\Merge" Date="20210412" Time="161544">Merge 침수흔적도;침수위선_전체_Project "D:\01.project\03.부산시 도시침수 위험지역 분석 및 저감대책 수립 용역\00.일일작업\0412 shp 자료만들기\침수흔적도\침수흔적도_Merge.shp" "INV_YR 'INV_YR' true true false 254 Text 0 0 ,First,#,침수흔적도,INV_YR,-1,-1,침수위선_전체_Project,INV_YR,-1,-1;F_DISA_NM 'F_DISA_NM' true true false 50 Text 0 0 ,First,#,침수흔적도,F_DISA_NM,-1,-1,침수위선_전체_Project,F_DISA_NM,-1,-1;SEQ 'SEQ' true true false 18 Double 0 18 ,First,#,침수위선_전체_Project,SEQ,-1,-1;F_AVR_HGT 'F_AVR_HGT' true true false 19 Double 6 18 ,First,#,침수위선_전체_Project,F_AVR_HGT,-1,-1;F_AREA 'F_AREA' true true false 19 Double 6 18 ,First,#,침수위선_전체_Project,F_AREA,-1,-1;F_RSN_DTL 'F_RSN_DTL' true true false 100 Text 0 0 ,First,#,침수위선_전체_Project,F_RSN_DTL,-1,-1;ADM_CD 'ADM_CD' true true false 10 Text 0 0 ,First,#,침수위선_전체_Project,ADM_CD,-1,-1;DAT_SEQ 'DAT_SEQ' true true false 18 Double 0 18 ,First,#,침수위선_전체_Project,DAT_SEQ,-1,-1;F_SAT_YMD 'F_SAT_YMD' true true false 8 Text 0 0 ,First,#,침수위선_전체_Project,F_SAT_YMD,-1,-1;F_END_YMD 'F_END_YMD' true true false 8 Text 0 0 ,First,#,침수위선_전체_Project,F_END_YMD,-1,-1;F_SAT_TM 'F_SAT_TM' true true false 4 Text 0 0 ,First,#,침수위선_전체_Project,F_SAT_TM,-1,-1;F_END_TM 'F_END_TM' true true false 4 Text 0 0 ,First,#,침수위선_전체_Project,F_END_TM,-1,-1;F_RSN_CD 'F_RSN_CD' true true false 2 Text 0 0 ,First,#,침수위선_전체_Project,F_RSN_CD,-1,-1;F_ZONE_NM 'F_ZONE_NM' true true false 40 Text 0 0 ,First,#,침수위선_전체_Project,F_ZONE_NM,-1,-1;DMG_MONY 'DMG_MONY' true true false 18 Double 0 18 ,First,#,침수위선_전체_Project,DMG_MONY,-1,-1;F_HOUR 'F_HOUR' true true false 19 Double 6 18 ,First,#,침수위선_전체_Project,F_HOUR,-1,-1;F_YR 'F_YR' true true false 4 Text 0 0 ,First,#,침수위선_전체_Project,F_YR,-1,-1;OBJECTID 'OBJECTID' true true false 9 Long 0 9 ,First,#,침수위선_전체_Project,OBJECTID,-1,-1;SHAPE_LENG 'SHAPE_LENG' true true false 19 Double 8 18 ,First,#,침수위선_전체_Project,SHAPE_LENG,-1,-1;SHAPE_AREA 'SHAPE_AREA' true true false 19 Double 0 0 ,First,#,침수위선_전체_Project,SHAPE_AREA,-1,-1;SHAPE_LEN 'SHAPE_LEN' true true false 19 Double 0 0 ,First,#,침수위선_전체_Project,SHAPE_LEN,-1,-1"</Process></lineage></DataProperties><SyncDate>20210412</SyncDate><SyncTime>16154400</SyncTime><ModDate>20210412</ModDate><ModTime>16154400</ModTime><MetaID>{E9F560B1-BF9F-4A5C-B40A-AB0B4B579234}</MetaID></Esri><idinfo><native Sync="TRUE">Microsoft Windows Vista Version 6.2 (Build 9200) ; ESRI ArcCatalog 9.3.1.3000</native><descript><langdata Sync="TRUE">ko</langdata><abstract>REQUIRED: A brief narrative summary of the data set.</abstract><purpose>REQUIRED: A summary of the intentions with which the data set was developed.</purpose></descript><citation><citeinfo><origin>REQUIRED: The name of an organization or individual that developed the data set.</origin><pubdate>REQUIRED: The date when the data set is published or otherwise made available for release.</pubdate><title Sync="TRUE">침수흔적도_Merge</title><ftname Sync="TRUE">침수흔적도_Merge</ftname><geoform Sync="TRUE">vector digital data</geoform><onlink Sync="TRUE"></onlink></citeinfo></citation><timeperd><current>REQUIRED: The basis on which the time period of content information is determined.</current><timeinfo><sngdate><caldate>REQUIRED: The year (and optionally month, or month and day) for which the data set corresponds to the ground.</caldate></sngdate></timeinfo></timeperd><status><progress>REQUIRED: The state of the data set.</progress><update>REQUIRED: The frequency with which changes and additions are made to the data set after the initial data set is completed.</update></status><spdom><bounding><westbc Sync="TRUE">REQUIRED: Western-most coordinate of the limit of coverage expressed in longitude.</westbc><eastbc Sync="TRUE">REQUIRED: Eastern-most coordinate of the limit of coverage expressed in longitude.</eastbc><northbc Sync="TRUE">REQUIRED: Northern-most coordinate of the limit of coverage expressed in latitude.</northbc><southbc Sync="TRUE">REQUIRED: Southern-most coordinate of the limit of coverage expressed in latitude.</southbc></bounding></spdom><keywords><theme><themekt>REQUIRED: Reference to a formally registered thesaurus or a similar authoritative source of theme keywords.</themekt><themekey>REQUIRED: Common-use word or phrase used to describe the subject of the data set.</themekey></theme></keywords><accconst>REQUIRED: Restrictions and legal prerequisites for accessing the data set.</accconst><useconst>REQUIRED: Restrictions and legal prerequisites for using the data set after access is granted.</useconst><natvform Sync="TRUE">쉐이프파일</natvform></idinfo><dataIdInfo><envirDesc Sync="TRUE">Microsoft Windows Vista Version 6.2 (Build 9200) ; ESRI ArcCatalog 9.3.1.3000</envirDesc><dataLang><languageCode Sync="TRUE" value="ko"></languageCode></dataLang><idCitation><resTitle Sync="TRUE">침수흔적도_Merge</resTitle></idCitation></dataIdInfo><metainfo><langmeta Sync="TRUE">ko</langmeta><metstdn Sync="TRUE">FGDC Content Standards for Digital Geospatial Metadata</metstdn><metstdv Sync="TRUE">FGDC-STD-001-1998</metstdv><mettc Sync="TRUE">local time</mettc><metextns><onlink Sync="TRUE">http://www.esri.com/metadata/esriprof80.html</onlink><metprof Sync="TRUE">ESRI Metadata Profile</metprof></metextns><metc><cntinfo><cntorgp><cntper>REQUIRED: The person responsible for the metadata information.</cntper><cntorg>REQUIRED: The organization responsible for the metadata information.</cntorg></cntorgp><cntaddr><addrtype>REQUIRED: The mailing and/or physical address for the organization or individual.</addrtype><city>REQUIRED: The city of the address.</city><state>REQUIRED: The state or province of the address.</state><postal>REQUIRED: The ZIP or other postal code of the address.</postal></cntaddr><cntvoice>REQUIRED: The telephone number by which individuals can speak to the organization or individual.</cntvoice></cntinfo></metc><metd Sync="TRUE">20210412</metd></metainfo><mdLang><languageCode Sync="TRUE" value="ko"></languageCode></mdLang><mdStanName Sync="TRUE">ISO 19115 지리 정보 - 메타데이터</mdStanName><mdStanVer Sync="TRUE">DIS_ESRI1.0</mdStanVer><mdChar><CharSetCd Sync="TRUE" value="004"></CharSetCd></mdChar><mdHrLv><ScopeCd Sync="TRUE" value="005"></ScopeCd></mdHrLv><mdHrLvName Sync="TRUE">dataset</mdHrLvName><distinfo><resdesc Sync="TRUE">Downloadable Data</resdesc><stdorder><digform><digtinfo><transize Sync="TRUE">0.000</transize><dssize Sync="TRUE">0.000</dssize></digtinfo></digform></stdorder></distinfo><distInfo><distributor><distorTran><onLineSrc><orDesc Sync="TRUE">002</orDesc><linkage Sync="TRUE">file://</linkage><protocol Sync="TRUE">Local Area Network</protocol></onLineSrc><transSize Sync="TRUE">0.000</transSize></distorTran><distorFormat><formatName Sync="TRUE">쉐이프파일</formatName></distorFormat></distributor></distInfo><spdoinfo><direct Sync="TRUE">Vector</direct><ptvctinf><esriterm Name="침수흔적도_Merge"><efeatyp Sync="TRUE">Simple</efeatyp><efeageom Sync="TRUE">Polygon</efeageom><esritopo Sync="TRUE">FALSE</esritopo><efeacnt Sync="TRUE">0</efeacnt><spindex Sync="TRUE">FALSE</spindex><linrefer Sync="TRUE">FALSE</linrefer></esriterm><sdtsterm Name="침수흔적도_Merge"><sdtstype Sync="TRUE">G-polygon</sdtstype><ptvctcnt Sync="TRUE">0</ptvctcnt></sdtsterm></ptvctinf></spdoinfo><spatRepInfo><VectSpatRep><topLvl><TopoLevCd Sync="TRUE" value="001"></TopoLevCd></topLvl><geometObjs Name="침수흔적도_Merge"><geoObjTyp><GeoObjTypCd Sync="TRUE" value="001"></GeoObjTypCd></geoObjTyp><geoObjCnt Sync="TRUE">0</geoObjCnt></geometObjs></VectSpatRep></spatRepInfo><eainfo><detailed Name="침수흔적도_Merge"><enttyp><enttypl Sync="TRUE">침수흔적도_Merge</enttypl><enttypt Sync="TRUE">Feature Class</enttypt><enttypc Sync="TRUE">0</enttypc></enttyp><attr><attrlabl Sync="TRUE">FID</attrlabl><attalias Sync="TRUE">FID</attalias><attrtype Sync="TRUE">OID</attrtype><attwidth Sync="TRUE">4</attwidth><atprecis Sync="TRUE">0</atprecis><attscale Sync="TRUE">0</attscale><attrdef Sync="TRUE">Internal feature number.</attrdef><attrdefs Sync="TRUE">ESRI</attrdefs><attrdomv><udom Sync="TRUE">Sequential unique whole numbers that are automatically generated.</udom></attrdomv></attr><attr><attrlabl Sync="TRUE">Shape</attrlabl><attalias Sync="TRUE">Shape</attalias><attrtype Sync="TRUE">Geometry</attrtype><attwidth Sync="TRUE">0</attwidth><atprecis Sync="TRUE">0</atprecis><attscale Sync="TRUE">0</attscale><attrdef Sync="TRUE">Feature geometry.</attrdef><attrdefs Sync="TRUE">ESRI</attrdefs><attrdomv><udom Sync="TRUE">Coordinates defining the features.</udom></attrdomv></attr><attr><attrlabl Sync="TRUE">INV_YR</attrlabl><attalias Sync="TRUE">INV_YR</attalias><attrtype Sync="TRUE">String</attrtype><attwidth Sync="TRUE">254</attwidth></attr><attr><attrlabl Sync="TRUE">F_DISA_NM</attrlabl><attalias Sync="TRUE">F_DISA_NM</attalias><attrtype Sync="TRUE">String</attrtype><attwidth Sync="TRUE">50</attwidth></attr><attr><attrlabl Sync="TRUE">SEQ</attrlabl><attalias Sync="TRUE">SEQ</attalias><attrtype Sync="TRUE">Number</attrtype><attwidth Sync="TRUE">18</attwidth></attr><attr><attrlabl Sync="TRUE">F_AVR_HGT</attrlabl><attalias Sync="TRUE">F_AVR_HGT</attalias><attrtype Sync="TRUE">Number</attrtype><attwidth Sync="TRUE">19</attwidth><atnumdec Sync="TRUE">6</atnumdec></attr><attr><attrlabl Sync="TRUE">F_AREA</attrlabl><attalias Sync="TRUE">F_AREA</attalias><attrtype Sync="TRUE">Number</attrtype><attwidth Sync="TRUE">19</attwidth><atnumdec Sync="TRUE">6</atnumdec></attr><attr><attrlabl Sync="TRUE">F_RSN_DTL</attrlabl><attalias Sync="TRUE">F_RSN_DTL</attalias><attrtype Sync="TRUE">String</attrtype><attwidth Sync="TRUE">100</attwidth></attr><attr><attrlabl Sync="TRUE">ADM_CD</attrlabl><attalias Sync="TRUE">ADM_CD</attalias><attrtype Sync="TRUE">String</attrtype><attwidth Sync="TRUE">10</attwidth></attr><attr><attrlabl Sync="TRUE">DAT_SEQ</attrlabl><attalias Sync="TRUE">DAT_SEQ</attalias><attrtype Sync="TRUE">Number</attrtype><attwidth Sync="TRUE">18</attwidth></attr><attr><attrlabl Sync="TRUE">F_SAT_YMD</attrlabl><attalias Sync="TRUE">F_SAT_YMD</attalias><attrtype Sync="TRUE">String</attrtype><attwidth Sync="TRUE">8</attwidth></attr><attr><attrlabl Sync="TRUE">F_END_YMD</attrlabl><attalias Sync="TRUE">F_END_YMD</attalias><attrtype Sync="TRUE">String</attrtype><attwidth Sync="TRUE">8</attwidth></attr><attr><attrlabl Sync="TRUE">F_SAT_TM</attrlabl><attalias Sync="TRUE">F_SAT_TM</attalias><attrtype Sync="TRUE">String</attrtype><attwidth Sync="TRUE">4</attwidth></attr><attr><attrlabl Sync="TRUE">F_END_TM</attrlabl><attalias Sync="TRUE">F_END_TM</attalias><attrtype Sync="TRUE">String</attrtype><attwidth Sync="TRUE">4</attwidth></attr><attr><attrlabl Sync="TRUE">F_RSN_CD</attrlabl><attalias Sync="TRUE">F_RSN_CD</attalias><attrtype Sync="TRUE">String</attrtype><attwidth Sync="TRUE">2</attwidth></attr><attr><attrlabl Sync="TRUE">F_ZONE_NM</attrlabl><attalias Sync="TRUE">F_ZONE_NM</attalias><attrtype Sync="TRUE">String</attrtype><attwidth Sync="TRUE">40</attwidth></attr><attr><attrlabl Sync="TRUE">DMG_MONY</attrlabl><attalias Sync="TRUE">DMG_MONY</attalias><attrtype Sync="TRUE">Number</attrtype><attwidth Sync="TRUE">18</attwidth></attr><attr><attrlabl Sync="TRUE">F_HOUR</attrlabl><attalias Sync="TRUE">F_HOUR</attalias><attrtype Sync="TRUE">Number</attrtype><attwidth Sync="TRUE">19</attwidth><atnumdec Sync="TRUE">6</atnumdec></attr><attr><attrlabl Sync="TRUE">F_YR</attrlabl><attalias Sync="TRUE">F_YR</attalias><attrtype Sync="TRUE">String</attrtype><attwidth Sync="TRUE">4</attwidth></attr><attr><attrlabl Sync="TRUE">OBJECTID</attrlabl><attalias Sync="TRUE">OBJECTID</attalias><attrtype Sync="TRUE">Number</attrtype><attwidth Sync="TRUE">9</attwidth></attr><attr><attrlabl Sync="TRUE">SHAPE_LENG</attrlabl><attalias Sync="TRUE">SHAPE_LENG</attalias><attrtype Sync="TRUE">Number</attrtype><attwidth Sync="TRUE">19</attwidth><atnumdec Sync="TRUE">8</atnumdec></attr><attr><attrlabl Sync="TRUE">SHAPE_AREA</attrlabl><attalias Sync="TRUE">SHAPE_AREA</attalias><attrtype Sync="TRUE">Float</attrtype><attwidth Sync="TRUE">19</attwidth><attrdef Sync="TRUE">Area of feature in internal units squared.</attrdef><attrdefs Sync="TRUE">ESRI</attrdefs><attrdomv><udom Sync="TRUE">Positive real numbers that are automatically generated.</udom></attrdomv><atnumdec Sync="TRUE">11</atnumdec></attr><attr><attrlabl Sync="TRUE">SHAPE_LEN</attrlabl><attalias Sync="TRUE">SHAPE_LEN</attalias><attrtype Sync="TRUE">Float</attrtype><attwidth Sync="TRUE">19</attwidth><atnumdec Sync="TRUE">11</atnumdec></attr></detailed></eainfo><mdDateSt Sync="TRUE">20210412</mdDateSt><dataqual><lineage><procstep><procdesc Sync="TRUE">데이터셋이 복사되었습니다.</procdesc><srcused Sync="TRUE"></srcused><procdate Sync="TRUE">20210412</procdate><proctime Sync="TRUE">16164900</proctime></procstep></lineage></dataqual></metadata>
