<?xml version="1.0"?>
<!--<!DOCTYPE metadata SYSTEM "http://www.esri.com/metadata/esriprof80.dtd">-->
<metadata xml:lang="ko"><Esri><MetaID>{4B32FB95-2FF6-49FA-8F3E-9738E3CC4ECA}</MetaID><CreaDate>20210412</CreaDate><CreaTime>14324700</CreaTime><SyncOnce>TRUE</SyncOnce><DataProperties><lineage><Process ToolSource="C:\Program Files (x86)\ArcGIS\ArcToolbox\Toolboxes\Data Management Tools.tbx\DeleteField" Date="20210412" Time="143247">DeleteField river_flood FID_;Entity;Handle;LyrFrzn;LyrLock;LyrOn;LyrVPFrzn;LyrHandle;Color;EntColor;LyrColor;BlkColor;Linetype;EntLinetyp;LyrLnType;BlkLinetyp;Elevation;Thickness;LineWt;EntLineWt;LyrLineWt;BlkLineWt;RefName;LTScale;ExtX;ExtY;ExtZ;DocName;DocPath;DocType;DocVer river_flood</Process></lineage></DataProperties></Esri></metadata>
